{
  "config": "lab/configs/run_h1_cross_condition_balanced_gpt2small.json",
  "tag": "cf",
  "dataset_id": "counterfactual_single_token_v1_balanced",
  "split": "train",
  "n_examples": 140,
  "layer": 0,
  "heads": [
    2,
    4,
    7
  ],
  "data_hash": "3874745701e13940fde9814ae6c91650273fa939ee61bb869d94b9fff5e1985c",
  "baseline": {
    "activation_entropy": -2601.326174071102,
    "output_entropy": 6.140265464782715,
    "curv_mean": 41.96875,
    "curv_early": 66.875,
    "curv_late": 29.53125,
    "activation_entropy_diagonal": -408.9829406738281,
    "activation_entropy_subspace": 8.550895690917969,
    "activation_entropy_subspace_k": 4.0,
    "activation_entropy_per_token_full": -2430.576959743669
  },
  "ablated": {
    "activation_entropy": -2658.4513707362353,
    "output_entropy": 6.285516262054443,
    "activation_kl_mvn": 93512.45640655608,
    "curv_mean": 42.625,
    "curv_early": 70.375,
    "curv_late": 28.75,
    "activation_entropy_diagonal": -453.3611145019531,
    "activation_entropy_subspace": 8.180113792419434,
    "activation_entropy_subspace_k": 4.0,
    "activation_entropy_per_token_full": -2475.6544369973208
  },
  "deltas": {
    "activation_entropy": -57.125196665133444,
    "output_entropy": 0.14525079727172852,
    "curv_mean": 0.65625,
    "curv_early": 3.5,
    "curv_late": -0.78125,
    "activation_entropy_diagonal": -44.378173828125,
    "activation_entropy_subspace": -0.37078189849853516,
    "activation_entropy_per_token_full": -45.07747725365198
  },
  "random_control": {
    "k": 3,
    "samples": 50,
    "delta_activation_entropy": {
      "mean": -57.15443764186611,
      "std": 88.02954403726835,
      "values": [
        -78.3915537086591,
        -131.60422212453568,
        -139.25933075484772,
        -111.76486709345409,
        -130.4737123971754,
        -37.42461793506709,
        -127.36362773249448,
        -4.04676176226576,
        -42.40364854845211,
        -120.14526325718589,
        -77.7530451092548,
        43.72945640400167,
        -177.89518006757226,
        -32.00014799838846,
        -118.3563799995618,
        -115.1556635964962,
        -135.32325741297745,
        -129.40141930732216,
        53.67500795792421,
        -46.460672308665835,
        -78.4983484663203,
        -115.1556635964962,
        -155.14074352810167,
        -151.74180325791485,
        -37.71571738358989,
        -61.51826329559981,
        -0.7554606363742096,
        125.76445403619391,
        110.46388581778865,
        -37.71571738358989,
        -42.40364854845211,
        81.12171677359174,
        -178.85468671602757,
        150.13488096803303,
        -130.4737123971754,
        111.27802541890424,
        -76.42568761690518,
        -138.3388280791678,
        -178.85468671602757,
        16.14252646785235,
        -6.079427997489802,
        -127.36362773249448,
        -77.7530451092548,
        118.4180234235032,
        -52.86841640016746,
        -63.61116166356487,
        -155.14074352810167,
        -102.63413606195581,
        -29.17002242276385,
        84.98706029081313
      ]
    },
    "delta_output_entropy": {
      "mean": -0.9876163053512573,
      "std": 1.3534263656593692,
      "values": [
        -1.8942861557006836,
        -1.61680269241333,
        0.011210441589355469,
        0.07434797286987305,
        -3.3844871520996094,
        -1.6822776794433594,
        -3.486677885055542,
        -0.01207590103149414,
        -1.0973873138427734,
        0.04204368591308594,
        0.18617677688598633,
        -2.4520130157470703,
        -3.4435791969299316,
        -1.6215410232543945,
        -0.07249975204467773,
        -3.409069538116455,
        0.33379268646240234,
        0.19544363021850586,
        -1.640204906463623,
        -0.04538106918334961,
        -2.6418964862823486,
        -3.409069538116455,
        0.13895368576049805,
        -0.22033166885375977,
        -0.9578690528869629,
        0.07061433792114258,
        -0.621607780456543,
        0.4282341003417969,
        -0.08987951278686523,
        -0.9578690528869629,
        -1.0973873138427734,
        0.07491064071655273,
        -2.776546001434326,
        0.3661651611328125,
        -3.3844871520996094,
        0.3306856155395508,
        -3.104473114013672,
        -0.11396074295043945,
        -2.776546001434326,
        -0.07447481155395508,
        0.08935689926147461,
        -3.486677885055542,
        0.18617677688598633,
        -0.2439436912536621,
        0.0026869773864746094,
        -0.3523445129394531,
        0.13895368576049805,
        0.04788923263549805,
        0.13660478591918945,
        -0.06741476058959961
      ]
    },
    "delta_activation_entropy_diagonal": {
      "mean": -18.36835174560547,
      "std": 120.4027339060142,
      "values": [
        19.227142333984375,
        -127.44485473632812,
        -48.947296142578125,
        -16.917510986328125,
        -170.09848022460938,
        47.837921142578125,
        -172.92074584960938,
        0.3416748046875,
        -50.578399658203125,
        -20.769256591796875,
        -57.317657470703125,
        115.1524658203125,
        -196.01718139648438,
        39.78741455078125,
        -86.49691772460938,
        -145.07186889648438,
        -39.49920654296875,
        -96.88409423828125,
        99.67172241210938,
        11.401824951171875,
        -91.87942504882812,
        -145.07186889648438,
        -136.86471557617188,
        -99.00442504882812,
        -36.128387451171875,
        11.00628662109375,
        100.12289428710938,
        189.0242919921875,
        234.83287048339844,
        -36.128387451171875,
        -50.578399658203125,
        181.5787811279297,
        -180.35238647460938,
        240.9728240966797,
        -170.09848022460938,
        187.00958251953125,
        5.818084716796875,
        -124.40573120117188,
        -180.35238647460938,
        107.66790771484375,
        -3.349029541015625,
        -172.92074584960938,
        -57.317657470703125,
        202.68621826171875,
        6.60443115234375,
        -37.0386962890625,
        -136.86471557617188,
        -73.15017700195312,
        43.172821044921875,
        198.13433837890625
      ]
    },
    "delta_activation_entropy_subspace": {
      "mean": 0.05776909828186035,
      "std": 0.8224655622425625,
      "values": [
        0.10390758514404297,
        -0.48046875,
        -0.07599639892578125,
        0.10984134674072266,
        -0.7533111572265625,
        0.2842264175415039,
        -0.7962589263916016,
        0.047781944274902344,
        -0.07309913635253906,
        -0.060680389404296875,
        -0.36763572692871094,
        1.744917869567871,
        -0.8281917572021484,
        0.16386127471923828,
        0.6871576309204102,
        -0.5426387786865234,
        -0.15968608856201172,
        -0.5680346488952637,
        0.4040384292602539,
        0.0945892333984375,
        -0.4419841766357422,
        -0.5426387786865234,
        -0.7622499465942383,
        -0.645176887512207,
        -0.06663131713867188,
        0.2784252166748047,
        1.617828369140625,
        0.9261932373046875,
        1.1381492614746094,
        -0.06663131713867188,
        -0.07309913635253906,
        0.8187885284423828,
        -0.9671454429626465,
        2.8312206268310547,
        -0.7533111572265625,
        0.9882001876831055,
        -0.09612846374511719,
        -0.6754722595214844,
        -0.9671454429626465,
        0.3987751007080078,
        -0.06135368347167969,
        -0.7962589263916016,
        -0.36763572692871094,
        2.3821372985839844,
        0.16389083862304688,
        -0.24451637268066406,
        -0.7622499465942383,
        -0.45394229888916016,
        0.26523685455322266,
        0.8888607025146484
      ]
    },
    "delta_activation_entropy_per_token_full": {
      "mean": -50.965082247296706,
      "std": 117.92563132268037,