{
  "config": "lab/configs/run_h1_cross_condition_balanced_gpt2small.json",
  "tag": "logic",
  "dataset_id": "logical_single_token_v1_balanced",
  "split": "train",
  "n_examples": 14,
  "layer": 0,
  "heads": [
    2,
    4,
    7
  ],
  "data_hash": "8d55ef0b00a174d0d6f77165436aac122bb82da6417cbd56da7e13a7716eba93",
  "baseline": {
    "activation_entropy": -2823.5546684232104,
    "output_entropy": 6.256402969360352,
    "curv_mean": 51.46875,
    "curv_early": 69.9375,
    "curv_late": 36.0625,
    "activation_entropy_diagonal": -580.1292724609375,
    "activation_entropy_subspace": 5.094290733337402,
    "activation_entropy_subspace_k": 2.0,
    "activation_entropy_per_token_full": -2533.4959627535104
  },
  "ablated": {
    "activation_entropy": -2866.084389091178,
    "output_entropy": 6.5939764976501465,
    "activation_kl_mvn": 182399.44463982733,
    "curv_mean": 52.59375,
    "curv_early": 73.75,
    "curv_late": 34.9375,
    "activation_entropy_diagonal": -608.8988037109375,
    "activation_entropy_subspace": 4.984087944030762,
    "activation_entropy_subspace_k": 2.0,
    "activation_entropy_per_token_full": -2560.7680959436993
  },
  "deltas": {
    "activation_entropy": -42.52972066796747,
    "output_entropy": 0.3375735282897949,
    "curv_mean": 1.125,
    "curv_early": 3.8125,
    "curv_late": -1.125,
    "activation_entropy_diagonal": -28.76953125,
    "activation_entropy_subspace": -0.11020278930664062,
    "activation_entropy_per_token_full": -27.272133190188924
  },
  "random_control": {
    "k": 3,
    "samples": 50,
    "delta_activation_entropy": {
      "mean": -40.75294908302602,
      "std": 90.22573890188109,
      "values": [
        -33.886188001163646,
        -83.11806127638783,
        -41.94352488443974,
        -57.88540138920689,
        -163.45641844752708,
        -19.285520110987818,
        -184.25781747043038,
        1.3191093873097088,
        -61.713606576020084,
        -32.68194613051355,
        -50.76772223061653,
        -8.763758623092144,
        -193.59223472749363,
        -45.61934271386235,
        -51.34801689003007,
        -148.81999267963192,
        -20.186839582200264,
        -59.08278803835765,
        42.78149169172002,
        -14.745123438392966,
        -128.79020657304864,
        -148.81999267963192,
        -102.46274388917027,
        -40.12943531068095,
        -53.9723560012344,
        -31.979708633602513,
        85.27360914473684,
        107.34362758203906,
        146.70128810600272,
        -53.9723560012344,
        -61.713606576020084,
        102.06723593902097,
        -193.66123541330126,
        136.8047803256627,
        -163.45641844752708,
        71.89945608763492,
        -87.12332532520713,
        -83.40863955750001,
        -193.66123541330126,
        80.68319809136074,
        3.843313487509022,
        -184.25781747043038,
        -50.76772223061653,
        127.26282468106137,
        -42.721492640752786,
        -41.81324992749023,
        -102.46274388917027,
        -21.756082770054945,
        5.716939462074606,
        108.7403438228962
      ]
    },
    "delta_output_entropy": {
      "mean": -0.6617401361465454,
      "std": 1.3044827255578217,
      "values": [
        -1.1984195709228516,
        -1.4903855323791504,
        0.5425424575805664,
        0.6741852760314941,
        -2.9312214851379395,
        -1.1055631637573242,
        -2.9698269367218018,
        0.20843982696533203,
        -0.8885846138000488,
        0.6799430847167969,
        0.532318115234375,
        -2.2977731227874756,
        -3.0098795890808105,
        -0.924750804901123,
        0.06263303756713867,
        -2.940152168273926,
        0.6604795455932617,
        0.437960147857666,
        -1.44514799118042,
        0.5745120048522949,
        -2.4098119735717773,
        -2.940152168273926,
        0.2897987365722656,
        -0.013568401336669922,
        -0.5461850166320801,
        0.5834450721740723,
        -0.5916471481323242,
        0.2885117530822754,
        0.2887086868286133,
        -0.5461850166320801,
        -0.8885846138000488,
        0.5947356224060059,
        -2.4410195350646973,
        0.31035661697387695,
        -2.9312214851379395,
        0.501549243927002,
        -2.728364944458008,
        -0.014053821563720703,
        -2.4410195350646973,
        -0.12895822525024414,
        0.23719310760498047,
        -2.9698269367218018,
        0.532318115234375,
        -0.15323734283447266,
        0.5517497062683105,
        -0.09341955184936523,
        0.2897987365722656,
        0.2504539489746094,
        0.48756885528564453,
        0.37275218963623047
      ]
    },
    "delta_activation_entropy_diagonal": {
      "mean": -17.996451416015624,
      "std": 130.94921868025787,
      "values": [
        2.43359375,
        -47.5791015625,
        14.5758056640625,
        -17.20367431640625,
        -254.3831787109375,
        -16.6885986328125,
        -268.6282958984375,
        29.031005859375,
        -74.8150634765625,
        35.73583984375,
        1.77398681640625,
        42.77197265625,
        -247.022216796875,
        -45.8245849609375,
        15.327880859375,
        -215.25103759765625,
        37.560546875,
        14.18994140625,
        90.06948852539062,
        2.5191650390625,
        -175.9259033203125,
        -215.25103759765625,
        -37.832763671875,
        25.57135009765625,
        -45.560791015625,
        -21.00396728515625,
        153.68707275390625,
        180.71923828125,
        243.94686889648438,
        -45.560791015625,
        -74.8150634765625,
        157.12701416015625,
        -190.25628662109375,
        200.148681640625,
        -254.3831787109375,
        117.18365478515625,
        -87.25421142578125,
        -34.24554443359375,
        -190.25628662109375,
        136.2421875,
        16.2750244140625,
        -268.6282958984375,
        1.77398681640625,
        202.7274169921875,
        -27.3353271484375,
        -6.570556640625,
        -37.832763671875,
        49.5093994140625,
        37.58642578125,
        191.79840087890625
      ]
    },
    "delta_activation_entropy_subspace": {
      "mean": 0.7250762844085693,
      "std": 0.6855212827078881,
      "values": [
        -0.032639503479003906,
        1.0804328918457031,
        0.012928009033203125,
        -0.055085182189941406,
        0.5486545562744141,
        -0.0274810791015625,
        0.4510345458984375,
        0.0020990371704101562,
        1.1141071319580078,
        0.036988258361816406,
        -0.09193754196166992,
        1.3705172538757324,
        0.5254635810852051,
        1.2891488075256348,
        1.2093415260314941,
        0.7243881225585938,
        0.08200645446777344,
        1.1681647300720215,
        1.5433030128479004,
        -0.0012607574462890625,
        0.7247457504272461,
        0.7243881225585938,
        1.0318870544433594,
        1.3909873962402344,
        1.1787400245666504,
        -0.0275421142578125,
        0.35280704498291016,
        1.802955150604248,
        2.0106096267700195,
        1.1787400245666504,
        1.1141071319580078,
        1.8560047149658203,
        0.5878419876098633,
        2.1025190353393555,
        0.5486545562744141,
        1.745656967163086,
        -0.15185546875,
        1.0643000602722168,
        0.5878419876098633,
        0.3375997543334961,
        -0.0026302337646484375,
        0.4510345458984375,
        -0.09193754196166992,
        1.9865942001342773,
        -0.09527444839477539,
        -0.0696725845336914,
        1.0318870544433594,
        0.012433052062988281,
        0.0782008171081543,
        1.8420166969299316
      ]
    },
    "delta_activation_entropy_per_token_full": {
      "mean": -41.25574794042152,
      "std": 134.54214046658103,