{
  "config": "lab/configs/run_h1_cross_condition_balanced.json",
  "tag": "facts",
  "dataset_id": "facts_single_token_v1_balanced",
  "split": "train",
  "n_examples": 64,
  "layer": 0,
  "heads": [
    2,
    4,
    7
  ],
  "data_hash": "80daded96a9d3e33621c490aa67cc424656bb4d19e73ddf41b8653aadb89aa69",
  "baseline": {
    "activation_entropy": -5797.82063249027,
    "output_entropy": 6.111818790435791,
    "curv_mean": 24.453125,
    "curv_early": 28.375,
    "curv_late": 14.6328125,
    "activation_entropy_diagonal": -2171.421875,
    "activation_entropy_subspace": 3.1418261528015137,
    "activation_entropy_subspace_k": 3.0,
    "activation_entropy_per_token_full": -5705.412587062747
  },
  "ablated": {
    "activation_entropy": -5882.578205225661,
    "output_entropy": 6.117193698883057,
    "activation_kl_mvn": 94471.40351491098,
    "curv_mean": 23.171875,
    "curv_early": 26.640625,
    "curv_late": 14.4921875,
    "activation_entropy_diagonal": -2234.737060546875,
    "activation_entropy_subspace": 3.188155174255371,
    "activation_entropy_subspace_k": 3.0,
    "activation_entropy_per_token_full": -5777.303031985474
  },
  "deltas": {
    "activation_entropy": -84.75757273539057,
    "output_entropy": 0.005374908447265625,
    "curv_mean": -1.28125,
    "curv_early": -1.734375,
    "curv_late": -0.140625,
    "activation_entropy_diagonal": -63.315185546875,
    "activation_entropy_subspace": 0.04632902145385742,
    "activation_entropy_per_token_full": -71.89044492272751
  },
  "random_control": {
    "k": 3,
    "samples": 50,
    "delta_activation_entropy": {
      "mean": -164.5966443530241,
      "std": 130.36603579320965,
      "values": [
        -37.68612993380793,
        -51.92391632113686,
        -74.33685694295036,
        -140.41619539471958,
        -9.460565382702953,
        55.056370553220404,
        -156.2524431524762,
        -391.0550841317354,
        14.004320371393987,
        -360.71845710616526,
        -297.3019625583338,
        18.930303699482465,
        -115.59831589328041,
        -145.5350797877718,
        -295.4967952907318,
        -157.08725984173543,
        -167.29545791275632,
        -385.6196682874215,
        -197.62562555827662,
        -156.84494263175839,
        -333.7321911133931,
        -45.792983579434804,
        -9.145522780365354,
        -150.03462106929783,
        18.09601414077406,
        -144.83142146644877,
        -159.38879075993555,
        -93.62540387743138,
        -380.39230317785405,
        -345.49500783217263,
        -74.38942106959803,
        -87.78749651619546,
        -209.37036867897314,
        -316.14212688497173,
        -269.34585783923467,
        -239.10211765203167,
        -49.15429794226293,
        -6.830772035240443,
        -193.7289013306572,
        -59.91902773723177,
        -393.25055194249035,
        -164.52759793761106,
        52.91663385030279,
        -56.07793377516555,
        -190.67395048928483,
        -179.05548126459144,
        -308.58183208132414,
        -412.1761384311394,
        -261.4472735759027,
        -114.58171129837683
      ]
    },
    "delta_output_entropy": {
      "mean": -0.016003131866455078,
      "std": 0.032494708552352036,
      "values": [
        -0.021593570709228516,
        -0.004856586456298828,
        -0.0018696784973144531,
        -0.00797128677368164,
        -0.0002570152282714844,
        -0.018155574798583984,
        -0.005029201507568359,
        -0.045560359954833984,
        0.004145145416259766,
        -0.04311418533325195,
        -0.0037441253662109375,
        -0.0030345916748046875,
        -0.0018911361694335938,
        -0.08372831344604492,
        -0.04250049591064453,
        -0.005630016326904297,
        -0.02123260498046875,
        -0.1280655860900879,
        -0.003070354461669922,
        0.005483150482177734,
        -0.023963451385498047,
        -0.01885080337524414,
        -0.0023794174194335938,
        -0.00319671630859375,
        -0.012876033782958984,
        -0.01187276840209961,
        0.007215023040771484,
        0.005892276763916016,
        -0.07306766510009766,
        -0.060993194580078125,
        0.0009827613830566406,
        0.014158248901367188,
        -0.00782918930053711,
        -0.07652616500854492,
        0.014336109161376953,
        0.021297454833984375,
        -0.0011229515075683594,
        0.020653724670410156,
        0.014711380004882812,
        -0.015227794647216797,
        -0.11092233657836914,
        0.015924930572509766,
        -0.0011935234069824219,
        0.01521444320678711,
        0.0002913475036621094,
        0.004846096038818359,
        -0.03972005844116211,
        -0.0404810905456543,
        -0.02287435531616211,
        0.01909351348876953
      ]
    },
    "delta_activation_entropy_diagonal": {
      "mean": -166.8925634765625,
      "std": 75.82090709656993,
      "values": [
        -85.7734375,
        -174.59228515625,
        -68.477294921875,
        -283.15234375,
        -225.72900390625,
        -11.543701171875,
        -163.434814453125,
        -165.475830078125,
        -83.18603515625,
        -175.969482421875,
        -153.50439453125,
        -162.841064453125,
        -316.861083984375,
        -147.14599609375,
        -259.826171875,
        -202.304443359375,
        -133.886474609375,
        -169.0380859375,
        -250.6865234375,
        -123.912109375,
        -252.40576171875,
        -182.802734375,
        -57.92138671875,
        -327.74072265625,
        -85.87255859375,
        -219.272705078125,
        -171.8759765625,
        -84.578369140625,
        -134.980224609375,
        -121.37109375,
        -109.700927734375,
        -94.8974609375,
        -201.236328125,
        -90.423828125,
        -377.18408203125,
        -232.486572265625,
        -240.65771484375,
        -43.1796875,
        -156.351806640625,
        -174.18701171875,
        -160.538818359375,
        -183.311279296875,
        -147.9248046875,
        -287.14697265625,
        -146.379150390625,
        -130.019287109375,
        -87.280029296875,
        -183.125,
        -208.396240234375,
        -94.0390625
      ]
    },
    "delta_activation_entropy_subspace": {
      "mean": -0.32892714500427245,
      "std": 0.19546942263816744,
      "values": [
        -0.4046473503112793,
        -0.40256619453430176,
        -0.4428727626800537,
        -0.540524959564209,
        -0.7278916835784912,
        -0.2656712532043457,
        -0.526667594909668,
        -0.44344615936279297,
        -0.1613445281982422,
        -0.17615509033203125,
        -0.12490224838256836,
        -0.7061445713043213,
        -0.40757131576538086,
        -0.16849279403686523,
        -0.4799995422363281,
        -0.5264613628387451,
        -0.28605222702026367,
        -0.15442657470703125,
        -0.5315704345703125,
        -0.5251822471618652,
        0.009098529815673828,
        -0.39573073387145996,
        -0.38989949226379395,
        -0.4191102981567383,
        -0.2200016975402832,
        -0.512958288192749,
        -0.5278325080871582,
        -0.003002166748046875,
        -0.15392661094665527,
        0.09600377082824707,
        -0.1326923370361328,
        -0.42006444931030273,
        -0.28153443336486816,
        -0.0018532276153564453,
        -0.4434823989868164,
        -0.3767580986022949,
        -0.759047269821167,
        -0.3360896110534668,
        -0.09752202033996582,
        -0.3171393871307373,
        -0.09283781051635742,
        -0.19182419776916504,
        -0.23811888694763184,
        -0.4239640235900879,
        -0.3042597770690918,
        -0.22389554977416992,
        -0.00711822509765625,
        -0.4297516345977783,
        -0.3680574893951416,
        -0.480396032333374
      ]
    },
    "delta_activation_entropy_per_token_full": {
      "mean": -179.96427169203824,
      "std": 147.3085566610128,