{
  "config": "lab/configs/run_h1_cross_condition_balanced.json",
  "tag": "neg",
  "dataset_id": "negation_single_token_v1_balanced",
  "split": "train",
  "n_examples": 16,
  "layer": 0,
  "heads": [
    2,
    4,
    7
  ],
  "data_hash": "4d752180dec92906ec554a7f49cbf03c43d57e9476b99e8ef4b6b1394dbbb301",
  "baseline": {
    "activation_entropy": -3444.8455819972537,
    "output_entropy": 6.305718421936035,
    "curv_mean": 57.75,
    "curv_early": 84.875,
    "curv_late": 30.625,
    "activation_entropy_diagonal": -346.7461853027344,
    "activation_entropy_subspace": 6.158096790313721,
    "activation_entropy_subspace_k": 2.0,
    "activation_entropy_per_token_full": -3263.053239373077
  },
  "ablated": {
    "activation_entropy": -3590.9709378846333,
    "output_entropy": 2.496878147125244,
    "activation_kl_mvn": 607903.7862688593,
    "curv_mean": 48.25,
    "curv_early": 69.6875,
    "curv_late": 26.78125,
    "activation_entropy_diagonal": -488.6488342285156,
    "activation_entropy_subspace": 7.67866325378418,
    "activation_entropy_subspace_k": 3.0,
    "activation_entropy_per_token_full": -3446.9071529102866
  },
  "deltas": {
    "activation_entropy": -146.12535588737956,
    "output_entropy": -3.808840274810791,
    "curv_mean": -9.5,
    "curv_early": -15.1875,
    "curv_late": -3.84375,
    "activation_entropy_diagonal": -141.90264892578125,
    "activation_entropy_subspace": 1.520566463470459,
    "activation_entropy_per_token_full": -183.8539135372098
  },
  "random_control": {
    "k": 3,
    "samples": 50,
    "delta_activation_entropy": {
      "mean": -120.75278375759743,
      "std": 147.79745210282834,
      "values": [
        -541.4220886292264,
        -9.933973207320378,
        -133.05060626843124,
        -82.0860439305543,
        50.98271825516849,
        -11.376345029771983,
        -400.583662742401,
        -49.50243075117942,
        -45.23488939367326,
        -194.9872287418102,
        -96.07474576753157,
        -99.26742484268334,
        -404.15997822271174,
        -358.13878584067743,
        24.998336904698135,
        28.708621346715972,
        -119.5106931438504,
        -30.500159768535468,
        -13.86197302032906,
        11.541707196009156,
        -449.30400124815196,
        -8.169306712346952,
        -54.5436474944745,
        -249.35778195862213,
        15.50942329480631,
        -118.72383615829904,
        -1.9151299234895305,
        -95.8832416420878,
        -196.10683786718437,
        15.50942329480631,
        41.5149716885694,
        -192.41551860723166,
        -343.4929571633079,
        -26.522789533583364,
        -211.66067778407523,
        -52.96082551125755,
        -45.406422802998804,
        -38.719167993251176,
        -426.7311483415788,
        -80.11865986932571,
        -61.974441023036434,
        -426.9402128383904,
        -28.267081283979223,
        -52.69325895274824,
        -140.23833999096678,
        23.13989685531169,
        -95.93397037626664,
        -93.6343184624634,
        -113.5960363816771,
        -54.5436474944745
      ]
    },
    "delta_output_entropy": {
      "mean": -0.6099001550674439,
      "std": 0.7408087224339919,
      "values": [
        -0.5613322257995605,
        -0.30126953125,
        -0.3852500915527344,
        -0.016542434692382812,
        0.05091094970703125,
        -0.17340517044067383,
        -2.2159299850463867,
        -1.132624626159668,
        -0.38466835021972656,
        -0.11674356460571289,
        -0.03976249694824219,
        0.06532621383666992,
        -0.21218204498291016,
        -0.6693916320800781,
        -0.4252805709838867,
        0.02478790283203125,
        -0.8100638389587402,
        -0.5670971870422363,
        -1.0271244049072266,
        -0.1959228515625,
        -0.7373771667480469,
        -0.08678150177001953,
        -2.1249332427978516,
        -0.15833091735839844,
        -0.39694690704345703,
        -0.46959590911865234,
        0.08876323699951172,
        -0.1456594467163086,
        -0.8507976531982422,
        -0.39694690704345703,
        -0.15063858032226562,
        -0.5669488906860352,
        -0.06656599044799805,
        -0.8266739845275879,
        -0.9569783210754395,
        -2.2278308868408203,
        0.09073829650878906,
        -0.12874984741210938,
        -0.09676313400268555,
        0.021944046020507812,
        -0.7498617172241211,
        -2.2491140365600586,
        0.0350651741027832,
        0.032091617584228516,
        -2.1964778900146484,
        -0.2777423858642578,
        -2.740311861038208,
        -0.5838022232055664,
        -0.3592815399169922,
        -2.1249332427978516
      ]
    },
    "delta_activation_entropy_diagonal": {
      "mean": -137.1904736328125,
      "std": 157.69889837652676,
      "values": [
        -571.9100036621094,
        -14.839019775390625,
        -138.65060424804688,
        -61.335113525390625,
        13.098175048828125,
        19.940185546875,
        -407.3126525878906,
        -25.6092529296875,
        -85.637939453125,
        -198.64041137695312,
        -110.37081909179688,
        -118.33840942382812,
        -454.9211730957031,
        -353.7886047363281,
        -2.009002685546875,
        44.054290771484375,
        -109.73309326171875,
        -48.002716064453125,
        -82.33132934570312,
        54.265533447265625,
        -481.1296081542969,
        10.34014892578125,
        -54.017791748046875,
        -360.2922668457031,
        -24.591094970703125,
        -128.23110961914062,
        0.812591552734375,
        -113.10260009765625,
        -202.49197387695312,
        -24.591094970703125,
        7.16748046875,
        -241.37783813476562,
        -362.2826232910156,
        -39.927154541015625,
        -344.2456359863281,
        -59.755340576171875,
        -55.634429931640625,
        -37.86260986328125,
        -448.9867858886719,
        -88.10482788085938,
        -74.17782592773438,
        -441.0399475097656,
        -7.652313232421875,
        -67.26742553710938,
        -137.71835327148438,
        -15.819915771484375,
        -101.70162963867188,
        -96.08843994140625,
        -163.66351318359375,
        -54.017791748046875
      ]
    },
    "delta_activation_entropy_subspace": {
      "mean": 0.8301443099975586,
      "std": 1.0586452424295865,
      "values": [
        -1.1077704429626465,
        2.018523693084717,
        -0.2692856788635254,
        -0.16283655166625977,
        2.121142864227295,
        -0.008260250091552734,
        -0.7898736000061035,
        1.9516005516052246,
        2.0447134971618652,
        1.511192798614502,
        1.813281536102295,
        -0.15485143661499023,
        0.9051928520202637,
        -0.6986212730407715,
        2.2099127769470215,
        0.08306074142456055,
        -0.24995946884155273,
        2.1290335655212402,
        2.1249489784240723,
        0.0533900260925293,
        0.6885185241699219,
        0.005395412445068359,
        -0.10122537612915039,
        1.3724398612976074,
        2.282593250274658,
        1.6464166641235352,
        0.023971080780029297,
        -0.17737293243408203,
        1.4882678985595703,
        2.282593250274658,
        2.285304546356201,
        1.330268383026123,
        0.9702506065368652,
        1.978147029876709,
        1.4299802780151367,
        -0.0894322395324707,
        -0.06772851943969727,
        -0.06320047378540039,
        0.731626033782959,
        -0.1283555030822754,
        1.8961386680603027,
        -0.8528151512145996,
        -0.010956764221191406,
        -0.1090855598449707,
        -0.279116153717041,
        2.2424416542053223,
        1.694262981414795,
        1.8860173225402832,
        1.7285609245300293,
        -0.10122537612915039
      ]
    },
    "delta_activation_entropy_per_token_full": {
      "mean": -121.12126314891724,
      "std": 141.58586693769453,