{
  "config": "lab/configs/run_h1_cross_condition_balanced_gpt2small.json",
  "tag": "facts",
  "dataset_id": "facts_single_token_v1_balanced",
  "split": "train",
  "n_examples": 140,
  "layer": 0,
  "heads": [
    2,
    4,
    7
  ],
  "data_hash": "94406e8cd1200f964b965ab10598afbfc73e5659a237633d332fe493f7f90e81",
  "baseline": {
    "activation_entropy": -2822.899775398246,
    "output_entropy": 6.703469753265381,
    "curv_mean": 56.1875,
    "curv_early": 67.875,
    "curv_late": 27.046875,
    "activation_entropy_diagonal": -860.0191040039062,
    "activation_entropy_subspace": 2.9998178482055664,
    "activation_entropy_subspace_k": 1.0,
    "activation_entropy_per_token_full": -2772.1448377621305
  },
  "ablated": {
    "activation_entropy": -2862.0555497562414,
    "output_entropy": 6.7346577644348145,
    "activation_kl_mvn": 121590.18487694277,
    "curv_mean": 58.3125,
    "curv_early": 70.9375,
    "curv_late": 26.765625,
    "activation_entropy_diagonal": -845.7276611328125,
    "activation_entropy_subspace": 2.9507720470428467,
    "activation_entropy_subspace_k": 1.0,
    "activation_entropy_per_token_full": -2794.644589245198
  },
  "deltas": {
    "activation_entropy": -39.15577435799514,
    "output_entropy": 0.031188011169433594,
    "curv_mean": 2.125,
    "curv_early": 3.0625,
    "curv_late": -0.28125,
    "activation_entropy_diagonal": 14.29144287109375,
    "activation_entropy_subspace": -0.04904580116271973,
    "activation_entropy_per_token_full": -22.499751483067485
  },
  "random_control": {
    "k": 3,
    "samples": 50,
    "delta_activation_entropy": {
      "mean": -69.7966852147767,
      "std": 77.17307848804438,
      "values": [
        -32.943470927536964,
        -126.94751371251641,
        -148.3261015726016,
        -137.86964870907696,
        -93.2247789772241,
        9.14092870813056,
        -138.61351099335843,
        -14.622130625268255,
        -53.59928276863138,
        -146.1361507254469,
        -74.89955208204265,
        80.19562057435587,
        -141.7314281116278,
        -27.390838059499856,
        -161.97964802635988,
        -84.26139964158074,
        -161.55824850591353,
        -168.0689268643464,
        -26.696535047441103,
        -98.86933815200655,
        -39.08035241760717,
        -84.26139964158074,
        -185.8659161213477,
        -124.52140780720993,
        -74.07802938393615,
        -72.22735552079985,
        -56.86918431738377,
        97.42386707096966,
        32.416291712681414,
        -74.07802938393615,
        -53.59928276863138,
        12.21937694573171,
        -133.66965215515575,
        97.35448545796544,
        -93.2247789772241,
        84.66116766271352,
        -79.47862867620142,
        -146.5357791174788,
        -133.66965215515575,
        -69.9558106396953,
        -25.617867765202845,
        -138.61351099335843,
        -74.89955208204265,
        126.1913104729615,
        -125.69042638360361,
        -56.200972237864335,
        -185.8659161213477,
        -121.36854862048813,
        -64.24925353803928,
        21.92250098342538
      ]
    },
    "delta_output_entropy": {
      "mean": -0.8424004888534546,
      "std": 1.1397688756789197,
      "values": [
        -1.5254478454589844,
        -1.185593605041504,
        0.0017151832580566406,
        -0.08873224258422852,
        -2.8668389320373535,
        -1.1757168769836426,
        -2.9798269271850586,
        0.09080791473388672,
        -0.9329547882080078,
        0.0325164794921875,
        0.09116840362548828,
        -2.3756508827209473,
        -3.0450756549835205,
        -1.106083869934082,
        0.08803367614746094,
        -2.901339054107666,
        0.33782243728637695,
        0.32382869720458984,
        -1.460662841796875,
        0.007126808166503906,
        -2.0834884643554688,
        -2.901339054107666,
        0.2780323028564453,
        -0.05964374542236328,
        -0.7330331802368164,
        -0.10508203506469727,
        -0.44092559814453125,
        0.06502819061279297,
        -1.182011604309082,
        -0.7330331802368164,
        -0.9329547882080078,
        -0.42299842834472656,
        -2.0245466232299805,
        0.4588003158569336,
        -2.8668389320373535,
        0.6816706657409668,
        -2.4887142181396484,
        0.11666250228881836,
        -2.0245466232299805,
        0.006422519683837891,
        0.13606786727905273,
        -2.9798269271850586,
        0.09116840362548828,
        -0.28148603439331055,
        -0.2799530029296875,
        -0.3019065856933594,
        0.2780323028564453,
        0.3246116638183594,
        0.0518488883972168,
        -1.095137119293213
      ]
    },
    "delta_activation_entropy_diagonal": {
      "mean": -16.00842529296875,
      "std": 103.80183031386734,
      "values": [
        -26.86090087890625,
        -103.043701171875,
        -115.59783935546875,
        -129.66339111328125,
        -124.69012451171875,
        -37.1031494140625,
        -96.02886962890625,
        2.08062744140625,
        -51.00994873046875,
        -127.11383056640625,
        -7.46136474609375,
        211.3616943359375,
        -151.31878662109375,
        -19.87066650390625,
        -69.52325439453125,
        -113.27130126953125,
        -112.35565185546875,
        -52.76019287109375,
        60.48321533203125,
        -87.86981201171875,
        -6.39630126953125,
        -113.27130126953125,
        -52.01336669921875,
        -53.06195068359375,
        -27.20391845703125,
        -89.90350341796875,
        23.07501220703125,
        230.22259521484375,
        173.13262939453125,
        -27.20391845703125,
        -51.00994873046875,
        111.55572509765625,
        -70.98602294921875,
        228.26641845703125,
        -124.69012451171875,
        211.48724365234375,
        -14.99945068359375,
        -53.08929443359375,
        -70.98602294921875,
        35.6334228515625,
        10.35504150390625,
        -96.02886962890625,
        -7.46136474609375,
        224.25482177734375,
        -83.023193359375,
        -28.04132080078125,
        -52.01336669921875,
        -30.5069580078125,
        -12.88055419921875,
        167.98382568359375
      ]
    },
    "delta_activation_entropy_subspace": {
      "mean": 0.07501456737518311,
      "std": 0.3973099704885026,
      "values": [
        -0.02395319938659668,
        -0.17528605461120605,
        -0.18751883506774902,
        -0.16765213012695312,
        -0.11887073516845703,
        0.03506875038146973,
        -0.1869373321533203,
        -0.019738435745239258,
        -0.07325601577758789,
        -0.1788952350616455,
        -0.09957718849182129,
        0.09137129783630371,
        -0.1864464282989502,
        -0.0232546329498291,
        0.6917002201080322,
        -0.10769104957580566,
        -0.20801353454589844,
        0.7283675670623779,
        -0.04969191551208496,
        -0.11628198623657227,
        -0.05165743827819824,
        -0.10769104957580566,
        0.6981816291809082,
        -0.17475581169128418,
        -0.10608339309692383,
        -0.07882356643676758,
        -0.08297014236450195,
        0.11330413818359375,
        0.036330461502075195,
        -0.10608339309692383,
        -0.07325601577758789,
        0.01668381690979004,
        -0.18116331100463867,
        1.5637097358703613,
        -0.11887073516845703,
        1.4046263694763184,
        -0.10828733444213867,
        0.7125153541564941,
        -0.18116331100463867,
        -0.10163497924804688,
        -0.03425765037536621,
        -0.1869373321533203,
        -0.09957718849182129,
        0.15647363662719727,
        -0.1584923267364502,
        -0.07262492179870605,
        0.6981816291809082,
        0.8052239418029785,
        -0.07455754280090332,
        0.020941972732543945
      ]
    },
    "delta_activation_entropy_per_token_full": {
      "mean": -57.35440800402593,
      "std": 134.167035378818,