{
  "config": "lab/configs/run_h1_cross_condition_balanced.json",
  "tag": "facts",
  "dataset_id": "facts_single_token_v1_balanced",
  "split": "train",
  "n_examples": 64,
  "layer": 0,
  "heads": [
    2,
    4,
    7
  ],
  "data_hash": "80daded96a9d3e33621c490aa67cc424656bb4d19e73ddf41b8653aadb89aa69",
  "baseline": {
    "activation_entropy": -3469.5726089988175,
    "output_entropy": 6.441042900085449,
    "curv_mean": 70.5625,
    "curv_early": 84.375,
    "curv_late": 36.15625
  },
  "ablated": {
    "activation_entropy": -3630.307534732401,
    "output_entropy": 4.0052809715271,
    "activation_kl_mvn": 515043.9566231479,
    "curv_mean": 58.28125,
    "curv_early": 69.8125,
    "curv_late": 29.453125
  },
  "deltas": {
    "activation_entropy": -160.73492573358362,
    "output_entropy": -2.4357619285583496,
    "curv_mean": -12.28125,
    "curv_early": -14.5625,
    "curv_late": -6.703125
  },
  "random_control": {
    "k": 3,
    "samples": 20,
    "delta_activation_entropy": {
      "mean": -109.39734291268203,
      "std": 117.59088686246908,
      "values": [
        -359.7366461314141,
        1.8101281225444836,
        -49.797316727746875,
        -29.094944624720483,
        9.51358144567621,
        -37.023440586103334,
        -348.341800784659,
        -34.253224442803,
        -65.14250768934107,
        -92.17747191952822,
        -94.6655557557433,
        -118.73372618064786,
        -277.12427464872826,
        -325.70081578585814,
        -121.10157982674627,
        24.636327751496538,
        -94.92157153476046,
        -104.42226746244705,
        -72.96999477320378,
        1.30024330109336
      ]
    },
    "delta_output_entropy": {
      "mean": -0.37323813438415526,
      "std": 0.42503473330140845,
      "values": [
        -0.6141319274902344,
        -0.1673116683959961,
        -0.3420696258544922,
        -0.004084587097167969,
        0.07766485214233398,
        -0.16397619247436523,
        -1.797316551208496,
        -0.8618416786193848,
        -0.27928638458251953,
        -0.1213231086730957,
        -0.03329753875732422,
        0.064971923828125,
        -0.29854869842529297,
        -0.5673637390136719,
        -0.336946964263916,
        0.03403139114379883,
        -0.6864409446716309,
        -0.46797657012939453,
        -0.725860595703125,
        -0.17365407943725586
      ]
    },
    "specified_percentile_activation_entropy": 0.2,
    "specified_percentile_output_entropy": 0.0
  }
}