{
  "config": "lab/configs/run_h1_cross_condition_balanced.json",
  "tag": "logic",
  "dataset_id": "logical_single_token_v1_balanced",
  "split": "train",
  "n_examples": 16,
  "layer": 0,
  "heads": [
    2,
    4,
    7
  ],
  "data_hash": "db7a55a73b6554d03ae0cbef7b4fb24e4a9170411d24b3d16495f07ba2def9bb",
  "baseline": {
    "activation_entropy": -3467.0588625820023,
    "output_entropy": 6.377167701721191,
    "curv_mean": 71.75,
    "curv_early": 88.5625,
    "curv_late": 57.71875,
    "activation_entropy_diagonal": -409.2203674316406,
    "activation_entropy_subspace": 8.483316421508789,
    "activation_entropy_subspace_k": 3.0,
    "activation_entropy_per_token_full": -3118.793399633288
  },
  "ablated": {
    "activation_entropy": -3679.160974994222,
    "output_entropy": 3.2962570190429688,
    "activation_kl_mvn": 676425.4610439523,
    "curv_mean": 58.9375,
    "curv_early": 72.4375,
    "curv_late": 47.6875,
    "activation_entropy_diagonal": -596.3367309570312,
    "activation_entropy_subspace": 7.849797248840332,
    "activation_entropy_subspace_k": 3.0,
    "activation_entropy_per_token_full": -3326.8197096272966
  },
  "deltas": {
    "activation_entropy": -212.10211241221987,
    "output_entropy": -3.0809106826782227,
    "curv_mean": -12.8125,
    "curv_early": -16.125,
    "curv_late": -10.03125,
    "activation_entropy_diagonal": -187.11636352539062,
    "activation_entropy_subspace": -0.633519172668457,
    "activation_entropy_per_token_full": -208.02630999400844
  },
  "random_control": {
    "k": 3,
    "samples": 50,
    "delta_activation_entropy": {
      "mean": -88.78664975316482,
      "std": 183.4664741834915,
      "values": [
        -498.04351817989436,
        100.73552343107121,
        69.74457327673099,
        132.94223506840262,
        34.46921016991428,
        82.90938780839315,
        -381.99126862449293,
        60.56423628642278,
        -92.56465220171458,
        -187.10072099987065,
        -126.95087187476383,
        -89.22645892472383,
        -449.4181120396938,
        -220.97048526650815,
        -62.24884851628667,
        152.35913166447017,
        38.28725387685563,
        36.761047727811274,
        -78.71240702475552,
        260.77067531996727,
        -487.82313926893266,
        115.32520969154439,
        7.047042140500253,
        -307.34519218443484,
        -39.15036674538533,
        36.36844790888972,
        -8.239882157104603,
        -97.47165704060944,
        -203.61203640680878,
        -39.15036674538533,
        -27.79119951019584,
        -177.10534664860734,
        -428.9476016214285,
        -48.3777497179758,
        -257.05935358400075,
        75.87530495190276,
        -27.28839966352234,
        110.52169747862627,
        -437.344329565547,
        -66.03661535825404,
        -62.62225086675335,
        -502.03263573194727,
        102.16507016062315,
        -47.87368981070995,
        -17.906875096782642,
        -26.04167981734645,
        -150.58685723035433,
        -120.93128620473772,
        -95.25972213133855,
        7.047042140500253
      ]
    },
    "delta_output_entropy": {
      "mean": -0.5343309116363525,
      "std": 0.6483784480838899,
      "values": [
        -0.6581268310546875,
        -0.20731163024902344,
        -0.3330817222595215,
        0.027751445770263672,
        0.09359550476074219,
        -0.1458759307861328,
        -1.9809422492980957,
        -0.9351439476013184,
        -0.3452444076538086,
        -0.09404182434082031,
        -0.004121303558349609,
        0.11321544647216797,
        -0.3037281036376953,
        -0.5602998733520508,
        -0.34181880950927734,
        0.09940814971923828,
        -0.7382421493530273,
        -0.5076446533203125,
        -0.9060678482055664,
        -0.08910179138183594,
        -0.8025360107421875,
        -0.03515338897705078,
        -1.680389404296875,
        -0.21017169952392578,
        -0.5834794044494629,
        -0.33765602111816406,
        0.15157032012939453,
        -0.1492919921875,
        -0.770751953125,
        -0.5834794044494629,
        -0.10833883285522461,
        -0.5475015640258789,
        -0.08690261840820312,
        -0.702061653137207,
        -0.9544086456298828,
        -1.8761768341064453,
        0.15107393264770508,
        -0.060701847076416016,
        -0.15068531036376953,
        0.05011749267578125,
        -0.6432714462280273,
        -2.0950775146484375,
        0.0860452651977539,
        0.08818721771240234,
        -1.7908239364624023,
        -0.21546602249145508,
        -2.447171211242676,
        -0.5772237777709961,
        -0.33760738372802734,
        -1.680389404296875
      ]
    },
    "delta_activation_entropy_diagonal": {
      "mean": -95.6934878540039,
      "std": 239.41997923546333,
      "values": [
        -539.1784362792969,
        134.41192626953125,
        96.69198608398438,
        180.2769012451172,
        20.962432861328125,
        145.084228515625,
        -366.8328552246094,
        121.20510864257812,
        -132.70785522460938,
        -172.05441284179688,
        -103.24630737304688,
        -78.09967041015625,
        -587.5105895996094,
        -187.78585815429688,
        -62.9161376953125,
        212.48513793945312,
        76.78439331054688,
        91.62686157226562,
        -127.84335327148438,
        346.8698425292969,
        -639.8785095214844,
        173.27320861816406,
        65.20034790039062,
        -480.9582214355469,
        -101.48214721679688,
        82.60696411132812,
        21.152740478515625,
        -113.51547241210938,
        -214.74215698242188,
        -101.48214721679688,
        -41.794769287109375,
        -214.62899780273438,
        -527.4216003417969,
        -82.45138549804688,
        -480.9819641113281,
        143.81793212890625,
        -5.121978759765625,
        159.85995483398438,
        -582.1727600097656,
        -75.58822631835938,
        -98.16110229492188,
        -592.1361999511719,
        173.1912078857422,
        -34.042144775390625,
        42.821441650390625,
        -37.973480224609375,
        -117.44076538085938,
        -111.67434692382812,
        -126.37350463867188,
        65.20034790039062
      ]
    },
    "delta_activation_entropy_subspace": {
      "mean": -0.08086647987365722,
      "std": 0.734576524820913,
      "values": [
        -1.6266446113586426,
        0.28011322021484375,
        0.1458444595336914,
        0.32709598541259766,
        0.06624412536621094,
        0.2643299102783203,
        -1.121861457824707,
        0.19355010986328125,
        1.458094596862793,
        -0.5669183731079102,
        -0.37264347076416016,
        -0.2301311492919922,
        -0.32034873962402344,
        -0.5724992752075195,
        -0.21581363677978516,
        0.49074745178222656,
        0.07562255859375,
        0.09552764892578125,
        -0.3551597595214844,
        0.7863254547119141,
        -0.5973691940307617,
        0.3871612548828125,
        0.055556297302246094,
        0.09654808044433594,
        1.563664436340332,
        0.12688350677490234,
        0.01868915557861328,
        -0.30491065979003906,
        -0.6734790802001953,
        1.563664436340332,
        1.7720394134521484,
        -0.6025352478027344,
        -1.5417814254760742,
        -0.2303638458251953,
        0.15521621704101562,
        0.2359447479248047,
        -0.05223369598388672,
        0.35927867889404297,
        -1.6935110092163086,
        -0.19451522827148438,
        -0.30655765533447266,
        -1.7768383026123047,
        0.3308982849121094,
        -0.12889671325683594,
        -0.044952392578125,
        -0.14907360076904297,
        -0.46520328521728516,
        -0.3808097839355469,
        -0.4228687286376953,
        0.055556297302246094
      ]
    },
    "delta_activation_entropy_per_token_full": {
      "mean": -117.57057633351165,
      "std": 206.98111244221062,