{
  "config": "lab/configs/run_h1_cross_condition_balanced.json",
  "tag": "cf",
  "dataset_id": "counterfactual_single_token_v1_balanced",
  "split": "train",
  "n_examples": 64,
  "layer": 0,
  "heads": [
    2,
    4,
    7
  ],
  "data_hash": "cbd6871ec739f86db3c0481602d2a330415f50c112b547f95c280c16ad97196d",
  "baseline": {
    "activation_entropy": -3408.276316386907,
    "output_entropy": 6.3846435546875,
    "curv_mean": 53.46875,
    "curv_early": 82.875,
    "curv_late": 38.78125,
    "activation_entropy_diagonal": -348.56781005859375,
    "activation_entropy_subspace": 11.877903938293457,
    "activation_entropy_subspace_k": 5.0,
    "activation_entropy_per_token_full": -3209.7925861406225
  },
  "ablated": {
    "activation_entropy": -3601.816465693245,
    "output_entropy": 2.8916826248168945,
    "activation_kl_mvn": 375255.7671819209,
    "curv_mean": 44.3125,
    "curv_early": 67.6875,
    "curv_late": 32.625,
    "activation_entropy_diagonal": -498.08587646484375,
    "activation_entropy_subspace": 11.048484802246094,
    "activation_entropy_subspace_k": 5.0,
    "activation_entropy_per_token_full": -3418.1032477362123
  },
  "deltas": {
    "activation_entropy": -193.54014930633775,
    "output_entropy": -3.4929609298706055,
    "curv_mean": -9.15625,
    "curv_early": -15.1875,
    "curv_late": -6.15625,
    "activation_entropy_diagonal": -149.51806640625,
    "activation_entropy_subspace": -0.8294191360473633,
    "activation_entropy_per_token_full": -208.31066159558986
  },
  "random_control": {
    "k": 3,
    "samples": 50,
    "delta_activation_entropy": {
      "mean": -132.968238103462,
      "std": 135.1733080583347,
      "values": [
        -532.2159738276291,
        -27.6118293945774,
        -134.79186806406778,
        -84.02781673538448,
        71.61624975265931,
        -8.99555778631975,
        -432.42707321535454,
        -116.59673007477386,
        -58.965554732076725,
        -208.28983482286048,
        -114.85151403987084,
        -129.43873964319664,
        -376.9820313944474,
        -394.14641125543085,
        -62.748357929802296,
        9.334447106143216,
        -145.85549939529255,
        -42.561175258505045,
        -63.50449677879942,
        -5.467583408475548,
        -408.9558597436053,
        -31.702061601272817,
        -87.93200580279108,
        -180.31449534754165,
        -58.59511861127112,
        -161.76936418796186,
        -6.6049429910713116,
        -98.93061319527624,
        -212.2228378501809,
        -58.59511861127112,
        31.559076857460695,
        -191.56952446317064,
        -333.2175978498426,
        -26.24527297742543,
        -126.83701045126008,
        -107.8637077889457,
        -48.463126443205965,
        -53.85198690335437,
        -383.8583492678281,
        -82.86264488309735,
        -53.04564659694324,
        -412.2868716297876,
        -59.56101809336042,
        -55.03130995385527,
        -165.53290596459328,
        -37.777944376560754,
        -85.84231440834219,
        -104.27384858463711,
        -99.76812675125302,
        -87.93200580279108
      ]
    },
    "delta_output_entropy": {
      "mean": -0.5944424438476562,
      "std": 0.7059746600726748,
      "values": [
        -0.5483341217041016,
        -0.3690767288208008,
        -0.36022377014160156,
        -0.016787052154541016,
        0.07146215438842773,
        -0.22468948364257812,
        -2.1603035926818848,
        -1.0441136360168457,
        -0.3693580627441406,
        -0.1321725845336914,
        -0.05454254150390625,
        0.06505203247070312,
        -0.2328634262084961,
        -0.5875139236450195,
        -0.4553413391113281,
        0.032108306884765625,
        -0.7576494216918945,
        -0.5701904296875,
        -0.8564672470092773,
        -0.2767343521118164,
        -0.6407933235168457,
        -0.13643217086791992,
        -2.0337696075439453,
        -0.16011762619018555,
        -0.8337059020996094,
        -0.37674999237060547,
        0.11178779602050781,
        -0.19774198532104492,
        -0.6233930587768555,
        -0.8337059020996094,
        -0.20213890075683594,
        -0.4323763847351074,
        -0.09886741638183594,
        -0.6264371871948242,
        -0.7889509201049805,
        -2.136481285095215,
        0.10271644592285156,
        -0.2159576416015625,
        -0.122650146484375,
        0.026424407958984375,
        -0.5828113555908203,
        -2.207973003387451,
        0.031867027282714844,
        0.0074748992919921875,
        -2.081780433654785,
        -0.27762460708618164,
        -2.664121627807617,
        -0.5940365791320801,
        -0.25226688385009766,
        -2.0337696075439453
      ]
    },
    "delta_activation_entropy_diagonal": {
      "mean": -131.19666687011718,
      "std": 155.95493544190023,
      "values": [
        -560.3599243164062,
        -33.88134765625,
        -113.03182983398438,
        -26.09234619140625,
        36.42236328125,
        50.00384521484375,
        -415.0997314453125,
        -80.9205322265625,
        -85.38604736328125,
        -204.78131103515625,
        -90.6124267578125,
        -77.98394775390625,
        -435.04034423828125,
        -355.18218994140625,
        -29.26800537109375,
        30.38421630859375,
        -99.99395751953125,
        -41.55133056640625,
        -97.63641357421875,
        64.54644775390625,
        -483.86614990234375,
        -4.3800048828125,
        -22.990203857421875,
        -331.11859130859375,
        -59.621124267578125,
        -157.51492309570312,
        32.986358642578125,
        -95.1373291015625,
        -232.672119140625,
        -59.621124267578125,
        9.46722412109375,
        -227.972412109375,
        -344.6092529296875,
        -56.2259521484375,
        -332.8878173828125,
        -56.218231201171875,
        -15.185791015625,
        -40.83233642578125,
        -429.57586669921875,
        -66.93515014648438,
        -86.98974609375,
        -414.086181640625,
        36.34820556640625,
        -37.51910400390625,
        -114.1077880859375,
        -29.9869384765625,
        -86.7745361328125,
        -104.264404296875,
        -159.0870361328125,
        -22.990203857421875
      ]
    },
    "delta_activation_entropy_subspace": {
      "mean": -0.5028806304931641,
      "std": 0.9780648067263402,
      "values": [
        -2.9306869506835938,
        -0.048458099365234375,
        -0.6541347503662109,
        -0.2937335968017578,
        0.43714046478271484,
        0.09260845184326172,
        -2.1565752029418945,
        1.2566566467285156,
        -0.11019706726074219,
        -0.7343263626098633,
        -0.16209793090820312,
        -0.37717247009277344,
        -1.9957475662231445,
        -1.8821992874145508,
        -0.17616939544677734,
        0.16413211822509766,
        -0.6970014572143555,
        0.17885780334472656,
        -0.26988792419433594,
        0.22073078155517578,
        -2.2920351028442383,
        -0.024010658264160156,
        -0.1925516128540039,
        -1.232823371887207,
        1.6465702056884766,
        -0.689671516418457,
        0.13203048706054688,
        -0.467071533203125,
        -0.9396982192993164,
        1.6465702056884766,
        0.33307647705078125,
        -0.8763036727905273,
        -1.8160743713378906,
        -0.1342334747314453,
        -2.689615249633789,
        -0.2985200881958008,
        -0.07123088836669922,
        -0.17605876922607422,
        -2.2220983505249023,
        -0.31278514862060547,
        -0.21708297729492188,
        -2.166079521179199,
        0.07862472534179688,
        -0.20170879364013672,
        -0.6860485076904297,
        -0.06425857543945312,
        -0.1703166961669922,
        -0.33370399475097656,
        -0.37610912322998047,
        -0.1925516128540039
      ]
    },
    "delta_activation_entropy_per_token_full": {
      "mean": -130.11630737119594,
      "std": 145.19989737142575,