{
  "config": "lab/configs/run_h1_cross_condition_balanced_gpt2small.json",
  "tag": "neg",
  "dataset_id": "negation_single_token_v1_balanced",
  "split": "train",
  "n_examples": 14,
  "layer": 0,
  "heads": [
    2,
    4,
    7
  ],
  "data_hash": "2bc87b979e908405c1e81f44871dff9c6182dadb2bdf06a842cf8a888a0683bd",
  "baseline": {
    "activation_entropy": -2767.4815022828207,
    "output_entropy": 5.949722766876221,
    "curv_mean": 43.46875,
    "curv_early": 66.5625,
    "curv_late": 20.390625,
    "activation_entropy_diagonal": -495.2616271972656,
    "activation_entropy_subspace": 6.779862403869629,
    "activation_entropy_subspace_k": 3.0,
    "activation_entropy_per_token_full": -2620.8122983776493
  },
  "ablated": {
    "activation_entropy": -2825.877342545083,
    "output_entropy": 6.115614891052246,
    "activation_kl_mvn": 206524.22215095317,
    "curv_mean": 44.96875,
    "curv_early": 70.125,
    "curv_late": 19.78125,
    "activation_entropy_diagonal": -531.1683349609375,
    "activation_entropy_subspace": 6.600752830505371,
    "activation_entropy_subspace_k": 3.0,
    "activation_entropy_per_token_full": -2655.0881814295726
  },
  "deltas": {
    "activation_entropy": -58.39584026226248,
    "output_entropy": 0.1658921241760254,
    "curv_mean": 1.5,
    "curv_early": 3.5625,
    "curv_late": -0.609375,
    "activation_entropy_diagonal": -35.906707763671875,
    "activation_entropy_subspace": -0.1791095733642578,
    "activation_entropy_per_token_full": -34.2758830519233
  },
  "random_control": {
    "k": 3,
    "samples": 50,
    "delta_activation_entropy": {
      "mean": -42.14765020734281,
      "std": 84.06820523553665,
      "values": [
        -41.01962862469327,
        -108.996757448077,
        -72.92261481114338,
        -53.93669778299045,
        -125.98525197120853,
        -10.644902529597402,
        -127.75639921076254,
        6.313678404740131,
        -53.08884144413514,
        -52.53525458736431,
        -68.2163581947002,
        9.781220596303228,
        -158.79099164718218,
        -16.648164806009845,
        -84.86895320253734,
        -109.8758719733446,
        -82.1835293761169,
        -118.48581301334207,
        32.28562671020063,
        -24.60026415015409,
        -106.74195143882298,
        -109.8758719733446,
        -114.69329675246126,
        -96.73276636237233,
        -33.01515587412587,
        -23.041524523878707,
        32.08145915288469,
        100.04123931332924,
        140.92891377353772,
        -33.01515587412587,
        -53.08884144413514,
        83.01792323258451,
        -199.42945292404283,
        172.10671053409123,
        -125.98525197120853,
        111.10832461173186,
        -60.85131517963964,
        -118.35431912907461,
        -199.42945292404283,
        19.732741702052863,
        11.078547324232659,
        -127.75639921076254,
        -68.2163581947002,
        115.92302829437631,
        -16.12977337033999,
        -52.81981454401284,
        -114.69329675246126,
        -69.89861706867441,
        -7.734032009097973,
        100.27701827747842
      ]
    },
    "delta_output_entropy": {
      "mean": -0.8286388301849366,
      "std": 1.261942089450147,
      "values": [
        -1.6381659507751465,
        -1.6601414680480957,
        0.13989019393920898,
        0.18698644638061523,
        -3.0002880096435547,
        -1.425356388092041,
        -3.0954298973083496,
        0.07815694808959961,
        -1.013801097869873,
        0.22936344146728516,
        0.27689123153686523,
        -2.273850440979004,
        -3.0424587726593018,
        -1.3410344123840332,
        0.04695320129394531,
        -3.0309574604034424,
        0.44353246688842773,
        0.39882946014404297,
        -1.7826261520385742,
        0.11788606643676758,
        -2.3774375915527344,
        -3.0309574604034424,
        0.2488694190979004,
        -0.055155277252197266,
        -0.7277865409851074,
        0.12872076034545898,
        -0.682579517364502,
        0.3069615364074707,
        0.09646272659301758,
        -0.7277865409851074,
        -1.013801097869873,
        0.09739923477172852,
        -2.5207161903381348,
        0.5283207893371582,
        -3.0002880096435547,
        0.5983624458312988,
        -2.79194712638855,
        -0.05104398727416992,
        -2.5207161903381348,
        -0.06408166885375977,
        0.1531233787536621,
        -3.0954298973083496,
        0.27689123153686523,
        -0.17575454711914062,
        0.009850502014160156,
        -0.3399791717529297,
        0.2488694190979004,
        0.2315526008605957,
        0.2093658447265625,
        -0.005609989166259766
      ]
    },
    "delta_activation_entropy_diagonal": {
      "mean": -22.481111145019533,
      "std": 108.860583144504,
      "values": [
        -30.286468505859375,
        -99.08676147460938,
        -32.294830322265625,
        -21.391448974609375,
        -182.04135131835938,
        -13.685028076171875,
        -178.47817993164062,
        21.761688232421875,
        -56.039459228515625,
        -10.738433837890625,
        -29.572235107421875,
        54.185150146484375,
        -198.24441528320312,
        -16.929534912109375,
        -36.731231689453125,
        -161.73861694335938,
        -42.165374755859375,
        -65.15292358398438,
        56.240936279296875,
        -9.661346435546875,
        -129.78427124023438,
        -161.73861694335938,
        -61.240386962890625,
        -52.175750732421875,
        -4.76373291015625,
        -12.721649169921875,
        98.45074462890625,
        153.0068359375,
        213.14462280273438,
        -4.76373291015625,
        -56.039459228515625,
        134.702392578125,
        -202.27359008789062,
        239.34535217285156,
        -182.04135131835938,
        162.1114501953125,
        -41.055633544921875,
        -82.83261108398438,
        -202.27359008789062,
        66.90298461914062,
        29.00567626953125,
        -178.47817993164062,
        -29.572235107421875,
        169.7025146484375,
        10.8077392578125,
        -38.026580810546875,
        -61.240386962890625,
        -27.278717041015625,
        15.59173583984375,
        163.52273559570312
      ]
    },
    "delta_activation_entropy_subspace": {
      "mean": -0.17859992980957032,
      "std": 0.5789664568389895,
      "values": [
        -1.6210923194885254,
        -0.3304758071899414,
        -0.011478424072265625,
        0.059198856353759766,
        -0.648015022277832,
        -1.562312126159668,
        -0.6320705413818359,
        0.13007831573486328,
        -0.0867156982421875,
        -0.003567218780517578,
        -0.17573070526123047,
        0.20226478576660156,
        -0.7185001373291016,
        -1.599637508392334,
        -0.3120460510253906,
        -0.532987117767334,
        -0.12586736679077148,
        -0.42996883392333984,
        0.16799545288085938,
        0.051148414611816406,
        -0.5212745666503906,
        -0.532987117767334,
        -0.4270496368408203,
        -0.4514198303222656,
        0.03470802307128906,
        0.15509843826293945,
        0.26096534729003906,
        0.6553630828857422,
        0.8646783828735352,
        0.03470802307128906,
        -0.0867156982421875,
        0.5276551246643066,
        -0.9751605987548828,
        1.061655044555664,
        -0.648015022277832,
        0.768679141998291,
        -0.2777552604675293,
        -0.49246740341186523,
        -0.9751605987548828,
        0.18096446990966797,
        0.13130950927734375,
        -0.6320705413818359,
        -0.17573070526123047,
        0.6654782295227051,
        0.14582300186157227,
        -0.17023849487304688,
        -0.4270496368408203,
        -0.29652833938598633,
        0.19864130020141602,
        0.6536788940429688
      ]
    },
    "delta_activation_entropy_per_token_full": {
      "mean": -47.64918120494664,
      "std": 114.79649828166804,