{
  "config": "lab/configs/run_h1_cross_condition_balanced.json",
  "tag": "facts",
  "dataset_id": "facts_single_token_v1_balanced",
  "split": "train",
  "n_examples": 64,
  "layer": 0,
  "heads": [
    2,
    4,
    7
  ],
  "data_hash": "80daded96a9d3e33621c490aa67cc424656bb4d19e73ddf41b8653aadb89aa69",
  "baseline": {
    "activation_entropy": -3469.5726089988175,
    "output_entropy": 6.441042900085449,
    "curv_mean": 70.5625,
    "curv_early": 84.375,
    "curv_late": 36.15625,
    "activation_entropy_diagonal": -1028.4365234375,
    "activation_entropy_subspace": 3.4636390209198,
    "activation_entropy_subspace_k": 1.0,
    "activation_entropy_per_token_full": -3488.696031116939
  },
  "ablated": {
    "activation_entropy": -3630.307534732401,
    "output_entropy": 4.0052809715271,
    "activation_kl_mvn": 515043.9566231479,
    "curv_mean": 58.28125,
    "curv_early": 69.8125,
    "curv_late": 29.453125,
    "activation_entropy_diagonal": -1223.7469482421875,
    "activation_entropy_subspace": 3.3045995235443115,
    "activation_entropy_subspace_k": 1.0,
    "activation_entropy_per_token_full": -3692.4825009243223
  },
  "deltas": {
    "activation_entropy": -160.73492573358362,
    "output_entropy": -2.4357619285583496,
    "curv_mean": -12.28125,
    "curv_early": -14.5625,
    "curv_late": -6.703125,
    "activation_entropy_diagonal": -195.3104248046875,
    "activation_entropy_subspace": -0.15903949737548828,
    "activation_entropy_per_token_full": -203.78646980738313
  },
  "random_control": {
    "k": 3,
    "samples": 50,
    "delta_activation_entropy": {
      "mean": -97.5694961556677,
      "std": 103.99830889717873,
      "values": [
        -359.7366461314141,
        1.8101281225444836,
        -49.797316727746875,
        -29.094944624720483,
        9.51358144567621,
        -37.023440586103334,
        -348.341800784659,
        -34.253224442803,
        -65.14250768934107,
        -92.17747191952822,
        -94.6655557557433,
        -118.73372618064786,
        -277.12427464872826,
        -325.70081578585814,
        -121.10157982674627,
        24.636327751496538,
        -94.92157153476046,
        -104.42226746244705,
        -72.96999477320378,
        1.30024330109336,
        -282.3536898581465,
        -11.327949415820967,
        -117.17232039623423,
        -177.324960278268,
        20.167714199597867,
        -40.1733231218368,
        -13.088070969547061,
        -83.73930715950428,
        -81.05944432314072,
        20.167714199597867,
        -25.25914322558765,
        -105.40212743768188,
        -272.19806024605214,
        50.81160003134755,
        -106.21240251626432,
        -97.76914821525042,
        -29.491805915087753,
        -20.388630810628456,
        -260.65905997118307,
        -43.35104072441982,
        38.13303212484334,
        -311.99394272208247,
        -100.25009578532763,
        -63.49344135551246,
        -128.43556070573823,
        -38.07532724722432,
        -161.2327977077657,
        -67.80291944705459,
        -64.38112013353702,
        -117.17232039623423
      ]
    },
    "delta_output_entropy": {
      "mean": -0.5132931327819824,
      "std": 0.5738648100379812,
      "values": [
        -0.6141319274902344,
        -0.1673116683959961,
        -0.3420696258544922,
        -0.004084587097167969,
        0.07766485214233398,
        -0.16397619247436523,
        -1.797316551208496,
        -0.8618416786193848,
        -0.27928638458251953,
        -0.1213231086730957,
        -0.03329753875732422,
        0.064971923828125,
        -0.29854869842529297,
        -0.5673637390136719,
        -0.336946964263916,
        0.03403139114379883,
        -0.6864409446716309,
        -0.46797657012939453,
        -0.725860595703125,
        -0.17365407943725586,
        -0.7790141105651855,
        -0.06213092803955078,
        -1.6862616539001465,
        -0.3187546730041504,
        -0.4113430976867676,
        -0.24237632751464844,
        0.130859375,
        -0.24753570556640625,
        -0.6267642974853516,
        -0.4113430976867676,
        -0.13761520385742188,
        -0.4310188293457031,
        -0.2411203384399414,
        -0.6388921737670898,
        -0.8848047256469727,
        -1.646359920501709,
        0.10537862777709961,
        -0.1623525619506836,
        -0.4069228172302246,
        -0.07878589630126953,
        -0.6060752868652344,
        -1.8672270774841309,
        0.09322071075439453,
        0.010960102081298828,
        -1.683466911315918,
        -0.2288212776184082,
        -2.087212085723877,
        -0.5958366394042969,
        -0.37201547622680664,
        -1.6862616539001465
      ]
    },
    "delta_activation_entropy_diagonal": {
      "mean": -105.74123046875,
      "std": 90.76070856190168,
      "values": [
        -318.60595703125,
        -23.7462158203125,
        -71.9932861328125,
        6.28192138671875,
        8.51177978515625,
        8.9769287109375,
        -277.2188720703125,
        -61.5374755859375,
        -107.04541015625,
        -197.2025146484375,
        -158.9044189453125,
        -129.535400390625,
        -255.267333984375,
        -218.83251953125,
        -49.808837890625,
        -15.8712158203125,
        -1.1114501953125,
        -111.4849853515625,
        -51.01025390625,
        77.7388916015625,
        -260.279052734375,
        -8.0570068359375,
        -94.12841796875,
        -151.22900390625,
        -84.363525390625,
        -96.36865234375,
        -47.42626953125,
        -108.4383544921875,
        -192.698974609375,
        -84.363525390625,
        -35.844970703125,
        -179.1953125,
        -251.016845703125,
        -41.180419921875,
        -104.224365234375,
        -104.9049072265625,
        -82.3038330078125,
        -30.669677734375,
        -262.841552734375,
        -98.419189453125,
        -44.9365234375,
        -303.373046875,
        -32.5072021484375,
        -59.775146484375,
        -116.5628662109375,
        7.4619140625,
        -178.789306640625,
        -103.6988525390625,
        -95.131591796875,
        -94.12841796875
      ]
    },
    "delta_activation_entropy_subspace": {
      "mean": -0.05934614658355713,
      "std": 0.27033803687105096,
      "values": [
        -0.3515157699584961,
        0.002610445022583008,
        -0.04626965522766113,
        -0.02575206756591797,
        0.009287118911743164,
        -0.04065680503845215,
        -0.3392477035522461,
        -0.04163956642150879,
        -0.06023454666137695,
        -0.09340143203735352,
        -0.09481930732727051,
        -0.10520219802856445,
        -0.2665982246398926,
        -0.32195425033569336,
        -0.1259596347808838,
        0.025856971740722656,
        -0.09247231483459473,
        1.6959326267242432,
        -0.07865357398986816,
        -0.002469778060913086,
        -0.27147507667541504,
        -0.010469436645507812,
        -0.11534857749938965,
        -0.17569661140441895,
        0.01636052131652832,
        -0.03554964065551758,
        -0.007687091827392578,
        -0.07585382461547852,
        -0.0851142406463623,
        0.01636052131652832,
        -0.027094364166259766,
        -0.09865546226501465,
        -0.2659938335418701,
        0.04358267784118652,
        -0.1065523624420166,
        -0.09288883209228516,
        -0.02167797088623047,
        -0.017971277236938477,
        -0.2503392696380615,
        -0.03371548652648926,
        0.03427767753601074,
        -0.3008604049682617,
        -0.09437775611877441,
        -0.059088945388793945,
        -0.12328195571899414,
        -0.041654348373413086,
        -0.16332697868347168,
        -0.07335567474365234,
        -0.06135106086730957,
        -0.11534857749938965
      ]
    },
    "delta_activation_entropy_per_token_full": {
      "mean": -130.53273323395786,
      "std": 134.0161460039735,