{
  "config": "lab/configs/run_h2_layer_geom_c2x.json",
  "tag": "facts",
  "dataset_id": "facts_v1",
  "split": "test",
  "n_examples": 2,
  "layer": 0,
  "heads": [
    2,
    4,
    7
  ],
  "data_hash": "482d20842520a467e6b29afd26b06465f9be7ae83096a0574106e7dbb088e0ae",
  "baseline": {
    "activation_entropy": -2605.6187294108286,
    "output_entropy": 6.988926887512207,
    "curv_mean": 54.64048767089844,
    "curv_early": 64.9087905883789,
    "curv_late": 37.52665710449219
  },
  "ablated": {
    "activation_entropy": -2612.4296921084656,
    "output_entropy": 7.087874412536621,
    "activation_kl_mvn": 59209.89517490518,
    "curv_mean": 57.37640380859375,
    "curv_early": 69.1639404296875,
    "curv_late": 37.73049545288086
  },
  "deltas": {
    "activation_entropy": -6.810962697637024,
    "output_entropy": 0.09894752502441406,
    "curv_mean": 2.7359161376953125,
    "curv_early": 4.255149841308594,
    "curv_late": 0.20383834838867188
  },
  "random_control": {
    "k": 3,
    "samples": 30,
    "delta_activation_entropy": {
      "mean": -99.51343050442037,
      "std": 87.66013616920895,
      "values": [
        -23.53976910457004,
        -190.01454234954463,
        -230.89863759238415,
        -170.8517312334202,
        -132.5549279837369,
        5.313572938014659,
        -195.60484699658946,
        -15.687913563148413,
        -91.92108158356086,
        -158.24980166473097,
        -59.67044521756043,
        91.16157706970489,
        -172.46904019866997,
        -50.894895557496966,
        -183.29177322675787,
        -127.18806100566553,
        -205.50933311739436,
        -184.48320005218238,
        -44.6599679902356,
        -127.53827253467352,
        -47.70520868624635,
        -127.18806100566553,
        -220.2561558803959,
        -96.4971637706426,
        -112.76719761153208,
        -124.24136701664702,
        -13.051132734820385,
        110.99657995377765,
        26.627080195695726,
        -112.76719761153208
      ]
    },
    "delta_output_entropy": {
      "mean": -0.9818220535914103,
      "std": 1.2092199968535942,
      "values": [
        -1.289372444152832,
        -1.0083861351013184,
        0.03229236602783203,
        -0.13460063934326172,
        -2.9303455352783203,
        -1.0939617156982422,
        -2.9815707206726074,
        0.0418848991394043,
        -0.7920584678649902,
        0.02892017364501953,
        0.14380741119384766,
        -2.5819907188415527,
        -2.9473652839660645,
        -1.0816688537597656,
        0.04981088638305664,
        -2.910447597503662,
        0.1763143539428711,
        0.16134357452392578,
        -3.4532763957977295,
        0.007137298583984375,
        -2.1140756607055664,
        -2.910447597503662,
        0.0899515151977539,
        -0.0850830078125,
        -0.5261449813842773,
        0.020921707153320312,
        -0.4260549545288086,
        -0.14675045013427734,
        -0.2672996520996094,
        -0.5261449813842773
      ]
    },
    "specified_percentile_activation_entropy": 0.8666666666666667,
    "specified_percentile_output_entropy": 0.9
  }
}