{
  "tag": "neg",
  "layer": 0,
  "heads": [
    2,
    4,
    7
  ],
  "n_examples": 14,
  "boot": 5000,
  "mean_delta_ld": -0.1502685546875,
  "ci95": [
    -0.2015411376953125,
    -0.11077728271484377
  ]
}