{
  "tag": "logic",
  "layer": 0,
  "heads": [
    2,
    4,
    7
  ],
  "n_examples": 14,
  "boot": 5000,
  "mean_delta_ld": -0.09613037109375,
  "ci95": [
    -0.1304931640625,
    -0.056640625
  ]
}