{
  "heads": [
    {
      "layer": 11,
      "head": 0,
      "acc_base": 0.10714285714285714,
      "acc_abl": 0.10714285714285714,
      "acc_resc": 0.10714285714285714,
      "ld_base": 1.171484375,
      "ld_abl": 1.170033482142857,
      "ld_resc": 1.171484375,
      "within_1pct": true
    },
    {
      "layer": 10,
      "head": 0,
      "acc_base": 0.10714285714285714,
      "acc_abl": 0.10714285714285714,
      "acc_resc": 0.10714285714285714,
      "ld_base": 1.171484375,
      "ld_abl": 1.0308314732142858,
      "ld_resc": 1.171484375,
      "within_1pct": true
    }
  ],
  "n_examples": 140
}