layer,head,mean_value,rank
0,0,1.4521484375,11
0,13,1.4521484375,12
0,3,1.4560546875,13
0,4,1.482421875,14
0,7,1.4912109375,15
0,2,1.662109375,16
