rank,layer,head,mean_value
11,0,11,1.4404296875
12,0,6,1.4345703125
13,0,5,1.431640625
14,0,14,1.4267578125
15,0,10,1.4169921875
16,0,9,1.4150390625
