rank,layer,head,mean_value
11,0,0,1.2890625
12,0,8,1.28515625
13,0,14,1.2666015625
14,0,3,1.2666015625
15,0,1,1.2578125
16,0,10,1.24609375
