layer,head,mean_value,rank
17,2,1.2470703125,1
23,6,1.2509765625,2
23,3,1.2548828125,3
21,6,1.259765625,4
22,10,1.26171875,5
6,10,1.263671875,6
21,14,1.2646484375,7
20,14,1.265625,8
23,9,1.265625,9
3,15,1.2666015625,10
4,7,1.2666015625,11
17,8,1.2666015625,12
