layer,head,mean_value,rank
0,9,0.0574951171875,1
0,6,0.07928466796875,2
24,12,0.08782958984375,3
0,8,0.09027099609375,4
26,19,0.09173583984375,5
35,4,0.09234619140625,6
21,9,0.0943603515625,7
35,18,0.09527587890625,8
0,12,0.095458984375,9
32,5,0.09710693359375,10
0,3,0.09765625,11
19,18,0.09765625,12
