layer,head,mean_value,rank
19,0,1.3779296875,1
23,6,1.421875,2
22,3,1.4267578125,3
20,5,1.4287109375,4
2,0,1.4326171875,5
19,15,1.4365234375,6
2,2,1.4404296875,7
7,2,1.4462890625,8
8,8,1.4462890625,9
1,13,1.447265625,10
0,9,1.453125,11
12,10,1.4541015625,12
