rank,layer,head,mean_value
11,0,12,1.6640625
12,0,0,1.6640625
13,0,1,1.6533203125
14,0,3,1.6416015625
15,0,14,1.6171875
16,0,10,1.6103515625
