rank,layer,head,mean_value
11,0,13,1.2529296875
12,0,6,1.2490234375
13,0,12,1.2373046875
14,0,10,1.2265625
15,0,5,1.220703125
16,0,14,1.20703125
