layer,head,mean_value,rank
12,15,1.34765625,1
2,14,1.3525390625,2
20,0,1.359375,3
22,3,1.365234375,4
2,8,1.3681640625,5
23,0,1.37109375,6
1,13,1.3837890625,7
3,3,1.3837890625,8
0,14,1.3857421875,9
20,5,1.38671875,10
3,9,1.388671875,11
9,3,1.388671875,12
