layer,head,mean_value,rank
23,3,1.501953125,379
23,5,1.5185546875,380
0,7,1.5361328125,381
0,4,1.5576171875,382
0,11,1.5888671875,383
0,2,1.833984375,384
