layer,head,mean_value,rank
0,9,-0.1263427734375,1
0,14,-0.10931396484375,2
0,6,-0.09942626953125,3
35,4,-0.09454345703125,4
21,1,-0.09326171875,5
34,12,-0.09130859375,6
6,11,-0.09112548828125,7
6,3,-0.08880615234375,8
34,16,-0.08880615234375,9
33,5,-0.088134765625,10
0,13,-0.08746337890625,11
0,8,-0.0872802734375,12
