layer,head,mean_value,rank
17,15,1.0595703125,1
28,10,1.0673828125,2
30,17,1.072265625,3
17,5,1.0732421875,4
33,5,1.07421875,5
18,8,1.0751953125,6
19,2,1.0751953125,7
30,1,1.0751953125,8
34,3,1.076171875,9
0,14,1.0771484375,10
1,1,1.0771484375,11
18,13,1.078125,12
