{
  "baseline": {
    "logit_diff": 1.2900390625,
    "kl_div": NaN,
    "acc_flip_rate": 1.0,
    "p_drop": 0.0
  },
  "zero": {
    "logit_diff": 1.845703125,
    "kl_div": NaN,
    "acc_flip_rate": 1.0,
    "p_drop": 7.152557373046875e-07
  },
  "patched": {
    "logit_diff": 1.578125,
    "kl_div": NaN,
    "acc_flip_rate": 1.0,
    "p_drop": 3.5762786865234375e-07
  }
}