layer,head,mean_value,rank
3,15,3.2734375,1019
17,22,3.28515625,1020
18,2,3.294921875,1021
0,12,3.33984375,1022
2,0,3.439453125,1023
0,22,3.513671875,1024
