layer,head,mean_value,rank
13,31,5.09765625,1019
1,0,5.1015625,1020
7,19,5.10546875,1021
2,22,5.18359375,1022
11,17,5.2578125,1023
2,7,5.29296875,1024
