layer,head,mean_value,rank
23,6,1.5537109375,1
16,4,1.556640625,2
22,10,1.5673828125,3
15,10,1.5732421875,4
17,10,1.5751953125,5
23,3,1.5751953125,6
21,14,1.576171875,7
21,6,1.5771484375,8
0,10,1.578125,9
13,8,1.578125,10
17,11,1.580078125,11
23,2,1.580078125,12
