layer,head,mean_value,rank
0,27,3.08984375,27
0,21,3.12109375,28
0,29,3.2109375,29
0,26,3.224609375,30
0,12,3.33984375,31
0,22,3.513671875,32
