layer,head,mean_value,rank
0,24,0.399169921875,27
0,26,0.423828125,28
0,4,0.43212890625,29
0,14,0.46435546875,30
0,23,0.59912109375,31
0,20,0.876953125,32
