layer,head,mean_value,rank
0,15,1.3642578125,379
0,9,1.3759765625,380
0,4,1.4375,381
0,7,1.4375,382
0,11,1.462890625,383
0,2,1.73046875,384
