layer,head,mean_value,rank
1,0,0.576171875,1019
2,3,0.595703125,1020
18,2,0.61376953125,1021
2,22,0.68896484375,1022
19,8,0.69873046875,1023
7,19,0.9072265625,1024
