layer,head,mean_value,rank
0,21,-0.0540771484375,1
0,13,0.0714111328125,2
0,22,0.080322265625,3
19,10,0.164306640625,4
0,29,0.16845703125,5
27,29,0.17333984375,6
2,5,0.186767578125,7
30,12,0.2108154296875,8
26,29,0.2119140625,9
16,17,0.2364501953125,10
19,16,0.24169921875,11
2,31,0.24560546875,12
