layer,head,mean_value,rank
0,20,2.392578125,1
0,25,2.740234375,2
0,31,2.830078125,3
0,13,2.923828125,4
0,4,2.9453125,5
0,10,2.953125,6
0,17,2.953125,7
0,0,2.955078125,8
0,11,2.962890625,9
0,23,2.966796875,10
0,3,2.974609375,11
0,14,2.990234375,12
