{
  "facts": {
    "mean": 4.932670593261719,
    "ci95": [
      4.932670593261719,
      4.932670593261719
    ],
    "values": [
      4.932670593261719,
      4.932670593261719,
      4.932670593261719,
      4.932670593261719,
      4.932670593261719
    ]
  },
  "neg_full": {
    "mean": 0.3840183615684509,
    "ci95": [
      0.3840183615684509,
      0.3840183615684509
    ],
    "values": [
      0.3840183615684509,
      0.3840183615684509,
      0.3840183615684509
    ]
  },
  "cf_full": {
    "mean": 3.017080307006836,
    "ci95": [
      3.017080307006836,
      3.017080307006836
    ],
    "values": [
      3.017080307006836,
      3.017080307006836,
      3.017080307006836
    ]
  },
  "logic_full": {
    "mean": 0.3351253271102905,
    "ci95": [
      0.3351253271102905,
      0.3351253271102905
    ],
    "values": [
      0.3351253271102905,
      0.3351253271102905,
      0.3351253271102905
    ]
  }
}