layer,head,mean_value,rank
19,8,0.53759765625,1019
29,20,0.55322265625,1020
0,23,0.59912109375,1021
7,19,0.6318359375,1022
1,0,0.73828125,1023
0,20,0.876953125,1024
