layer,head,mean_value,rank
0,23,0.08807373046875,1
0,21,0.13720703125,2
19,10,0.18505859375,3
26,29,0.23583984375,4
3,7,0.251220703125,5
28,18,0.2548828125,6
30,12,0.25537109375,7
27,29,0.271484375,8
17,16,0.291015625,9
0,29,0.296630859375,10
0,16,0.306884765625,11
1,2,0.30810546875,12
