{
  "run_name": "h1_cross_condition_physics_balanced_cuda",
  "n_conditions": 4,
  "conditions": [
    "facts",
    "neg",
    "cf",
    "logic"
  ],
  "child_runs": [
    {
      "tag": "facts",
      "run_dir": "lab/runs/h1_cross_condition_physics_balanced_cuda_facts_76465273a2cf"
    },
    {
      "tag": "neg",
      "run_dir": "lab/runs/h1_cross_condition_physics_balanced_cuda_neg_2490dd7906eb"
    },
    {
      "tag": "cf",
      "run_dir": "lab/runs/h1_cross_condition_physics_balanced_cuda_cf_d3877b7df187"
    },
    {
      "tag": "logic",
      "run_dir": "lab/runs/h1_cross_condition_physics_balanced_cuda_logic_5fc16b8a5976"
    }
  ],
  "summaries": {
    "facts": {
      "logit_diff": {
        "mean": 1.4377492268880208,
        "ci95": [
          1.4377492268880208,
          1.4377492268880208
        ],
        "values": [
          1.4377492268880208,
          1.4377492268880208,
          1.4377492268880208
        ]
      },
      "kl_div": {
        "mean": NaN,
        "ci95": [
          NaN,
          NaN
        ],
        "values": [
          NaN,
          NaN,
          NaN
        ]
      },
      "acc_flip_rate": {
        "mean": 0.8468749805664023,
        "ci95": [
          0.8468749805664023,
          0.8468749805664023
        ],
        "values": [
          0.8468749805664023,
          0.8468749805664023,
          0.8468749805664023
        ]
      },
      "p_drop": {
        "mean": -6.572902202606201e-05,
        "ci95": [
          -6.572902202606201e-05,
          -6.572902202606201e-05
        ],
        "values": [
          -6.572902202606201e-05,
          -6.572902202606201e-05,
          -6.572902202606201e-05
        ]
      },
      "seq_logprob_diff": {
        "mean": 1.2915878295898438,
        "ci95": [
          1.2915878295898438,
          1.2915878295898438
        ],
        "values": [
          1.2915878295898438,
          1.2915878295898438,
          1.2915878295898438
        ]
      },
      "seq_p_drop": {
        "mean": 0.005743690145512422,
        "ci95": [
          0.005743690145512422,
          0.005743690145512422
        ],
        "values": [
          0.005743690145512422,
          0.005743690145512422,
          0.005743690145512422
        ]
      },
      "seq_kl_mean": {
        "mean": 0.003160680178552866,
        "ci95": [
          0.003160680178552866,
          0.003160680178552866
        ],
        "values": [
          0.003160680178552866,
          0.003160680178552866,
          0.003160680178552866
        ]
      }
    },
    "neg": {
      "logit_diff": {
        "mean": 1.6396636962890625,
        "ci95": [
          1.6396636962890625,
          1.6396636962890625
        ],
        "values": [
          1.6396636962890625,
          1.6396636962890625,
          1.6396636962890625
        ]
      },
      "kl_div": {
        "mean": NaN,
        "ci95": [
          NaN,
          NaN
        ],
        "values": [
          NaN,
          NaN,
          NaN
        ]
      },
      "acc_flip_rate": {
        "mean": 1.0,
        "ci95": [
          1.0,
          1.0
        ],
        "values": [
          1.0,
          1.0,
          1.0
        ]
      },
      "p_drop": {
        "mean": 6.20881716410319e-10,
        "ci95": [
          6.20881716410319e-10,
          6.20881716410319e-10
        ],
        "values": [
          6.20881716410319e-10,
          6.20881716410319e-10,
          6.20881716410319e-10
        ]
      },
      "seq_logprob_diff": {
        "mean": 0.5311927795410156,
        "ci95": [
          0.5311927795410156,
          0.5311927795410156
        ],
        "values": [
          0.5311927795410156,
          0.5311927795410156,
          0.5311927795410156
        ]
      },
      "seq_p_drop": {
        "mean": 0.004205092787742615,
        "ci95": [
          0.004205092787742615,
          0.004205092787742615
        ],
        "values": [
          0.004205092787742615,
          0.004205092787742615,
          0.004205092787742615
        ]
      },
      "seq_kl_mean": {
        "mean": 0.002549157477915287,
        "ci95": [
          0.002549157477915287,
          0.002549157477915287
        ],
        "values": [
          0.002549157477915287,
          0.002549157477915287,
          0.002549157477915287
        ]
      }
    },
    "cf": {
      "logit_diff": {
        "mean": 1.23345947265625,
        "ci95": [
          1.23345947265625,
          1.23345947265625
        ],
        "values": [
          1.23345947265625,
          1.23345947265625,
          1.23345947265625
        ]
      },
      "kl_div": {
        "mean": NaN,
        "ci95": [
          NaN,
          NaN
        ],
        "values": [
          NaN,
          NaN,
          NaN
        ]
      },
      "acc_flip_rate": {
        "mean": 1.0,
        "ci95": [
          1.0,
          1.0
        ],
        "values": [
          1.0,
          1.0,
          1.0
        ]
      },
      "p_drop": {
        "mean": 4.990336795647939e-07,
        "ci95": [
          4.990336795647939e-07,
          4.990336795647939e-07
        ],
        "values": [
          4.990336795647939e-07,
          4.990336795647939e-07,
          4.990336795647939e-07
        ]
      },
      "seq_logprob_diff": {
        "mean": 0.8307889302571615,
        "ci95": [
          0.8307889302571615,
          0.8307889302571615
        ],
        "values": [
          0.8307889302571615,
          0.8307889302571615,
          0.8307889302571615
        ]
      },
      "seq_p_drop": {
        "mean": 0.007145958642164866,
        "ci95": [
          0.007145958642164866,
          0.007145958642164866
        ],
        "values": [
          0.007145958642164866,
          0.007145958642164866,
          0.007145958642164866
        ]
      },
      "seq_kl_mean": {
        "mean": 0.0029189342943330607,
        "ci95": [
          0.0029189342943330607,
          0.0029189342943330607
        ],
        "values": [
          0.0029189342943330607,
          0.0029189342943330607,
          0.0029189342943330607
        ]
      }
    },
    "logic": {
      "logit_diff": {
        "mean": 1.2735366821289062,
        "ci95": [
          1.2735366821289062,
          1.2735366821289062
        ],
        "values": [
          1.2735366821289062,
          1.2735366821289062,
          1.2735366821289062
        ]
      },
      "kl_div": {
        "mean": NaN,
        "ci95": [
          NaN,
          NaN
        ],
        "values": [
          NaN,
          NaN,
          NaN
        ]
      },
      "acc_flip_rate": {
        "mean": 1.0,
        "ci95": [
          1.0,
          1.0
        ],
        "values": [
          1.0,
          1.0,
          1.0
        ]
      },
      "p_drop": {
        "mean": -3.880510727564494e-09,
        "ci95": [
          -3.880510727564494e-09,
          -3.880510727564494e-09
        ],
        "values": [
          -3.880510727564494e-09,
          -3.880510727564494e-09,
          -3.880510727564494e-09
        ]
      },
      "seq_logprob_diff": {
        "mean": 0.12997929255167642,
        "ci95": [
          0.12997929255167642,
          0.12997929255167642
        ],
        "values": [
          0.12997929255167642,
          0.12997929255167642,
          0.12997929255167642
        ]
      },
      "seq_p_drop": {
        "mean": 0.00787197177608808,
        "ci95": [
          0.00787197177608808,
          0.00787197177608808
        ],
        "values": [
          0.00787197177608808,
          0.00787197177608808,
          0.00787197177608808
        ]
      },
      "seq_kl_mean": {
        "mean": 0.002374123161037763,
        "ci95": [
          0.002374123161037763,
          0.002374123161037763
        ],
        "values": [
          0.002374123161037763,
          0.002374123161037763,
          0.002374123161037763
        ]
      }
    }
  }
}