layer,head,mean_value,rank
0,9,1.4150390625,1
0,10,1.4169921875,2
0,14,1.4267578125,3
0,5,1.431640625,4
0,6,1.4345703125,5
0,11,1.4404296875,6
0,1,1.4423828125,7
0,15,1.4443359375,8
0,12,1.4482421875,9
0,8,1.4501953125,10
0,0,1.4521484375,11
0,13,1.4521484375,12
0,3,1.4560546875,13
0,4,1.482421875,14
0,7,1.4912109375,15
0,2,1.662109375,16
