layer,head,mean_value,rank
0,15,1.3466796875,11
0,9,1.3564453125,12
0,7,1.4228515625,13
0,4,1.4267578125,14
0,11,1.4521484375,15
0,2,1.7265625,16
