layer,head,mean_value,rank
0,15,1.2890625,11
0,9,1.3095703125,12
0,7,1.3369140625,13
0,4,1.353515625,14
0,11,1.4052734375,15
0,2,1.599609375,16
