layer,head,mean_value,rank
0,15,1.7119140625,11
0,9,1.7236328125,12
0,11,1.7998046875,13
0,7,1.8115234375,14
0,4,1.814453125,15
0,2,2.146484375,16
