{
  "facts": {
    "n_prompts": 200,
    "mean_delta_ld": 0.37641671299934387,
    "ci95": [
      0.2956392832100391,
      0.458998520672321
    ]
  },
  "neg": {
    "n_prompts": 200,
    "mean_delta_ld": 0.9023931622505188,
    "ci95": [
      0.8469732061028481,
      0.9597118675708771
    ]
  },
  "cf": {
    "n_prompts": 200,
    "mean_delta_ld": 0.7443049550056458,
    "ci95": [
      0.5398574978113174,
      0.958694739639759
    ]
  },
  "logic": {
    "n_prompts": 200,
    "mean_delta_ld": 0.5448249578475952,
    "ci95": [
      0.5044727832078933,
      0.5841786026954651
    ]
  }
}