{
  "baseline": {
    "ece": 0.1224156203819439,
    "brier": 0.033423230120545384,
    "nll": 0.1505828647647705
  },
  "ablated": {
    "ece": 0.09141641832422466,
    "brier": 0.023572986341937278,
    "nll": 0.11316594029879806
  }
}