{
  "single_percentiles": {
    "2": 1.0,
    "4": 0.8269230769230769,
    "7": 0.8269230769230769
  },
  "pair_percentiles": {
    "2-4": 1.0,
    "2-7": 1.0,
    "4-7": 0.995
  },
  "triplet_percentile": 1.0,
  "triplet_mean_delta": 0.6595853169759114,
  "pair_means": {
    "2-4": 0.5555814107259115,
    "2-7": 0.5499661763509115,
    "4-7": 0.25284703572591144
  },
  "single_means": {
    "2": 0.2023099263509115,
    "4": 0.0663235982259115,
    "7": 0.060464223225911495
  },
  "bh_significant_at_0.05": {
    "2": true,
    "4": false,
    "7": false
  },
  "quantiles": {
    "single_95": 0.161760965983073,
    "single_99": 0.16913350423177076,
    "pair_95": 0.18592325846354152,
    "pair_99": 0.24253082275390625
  }
}