layer,head,mean_value,rank
20,2,1.6708984375,715
32,0,1.671875,716
29,8,1.6728515625,717
24,18,1.673828125,718
34,14,1.6748046875,719
33,11,1.693359375,720
