layer,head,mean_value,rank
35,12,-0.0419921875,715
35,2,-0.034515380859375,716
34,8,-0.0106048583984375,717
34,2,0.038360595703125,718
34,11,0.048309326171875,719
33,11,0.07427978515625,720
