layer,head,mean_value,rank
2,14,1.5205078125,379
22,2,1.5205078125,380
2,8,1.52734375,381
0,4,1.5419921875,382
0,7,1.5458984375,383
0,2,1.748046875,384
