layer,head,mean_value,rank
33,11,1.1328125,715
0,13,1.138671875,716
34,14,1.1435546875,717
30,13,1.14453125,718
18,12,1.15234375,719
20,2,1.2001953125,720
