layer,head,mean_value,rank
30,1,1.5625,1
25,13,1.5888671875,2
28,8,1.6005859375,3
24,2,1.607421875,4
15,1,1.6142578125,5
17,7,1.6142578125,6
12,2,1.615234375,7
29,9,1.6171875,8
4,8,1.6181640625,9
34,2,1.6201171875,10
14,5,1.6240234375,11
18,13,1.6240234375,12
