layer,head,mean_value,rank
35,12,0.1424560546875,715
35,2,0.1470947265625,716
34,8,0.1583251953125,717
34,2,0.21826171875,718
34,11,0.2347412109375,719
33,11,0.2548828125,720
