layer,head,mean_value,rank
0,10,0.413818359375,27
0,17,0.4140625,28
0,13,0.417236328125,29
0,25,0.437744140625,30
0,4,0.47900390625,31
0,20,0.487548828125,32
