layer,head,mean_value,rank
0,21,-0.0540771484375,1
0,13,0.0714111328125,2
0,22,0.080322265625,3
0,29,0.16845703125,4
0,2,0.2626953125,5
0,31,0.281494140625,6
0,25,0.28369140625,7
0,15,0.291259765625,8
0,16,0.2958984375,9
0,5,0.31201171875,10
0,1,0.313232421875,11
0,11,0.3134765625,12
