layer,head,mean_value,rank
0,23,0.08807373046875,1
0,21,0.13720703125,2
0,29,0.296630859375,3
0,16,0.306884765625,4
0,2,0.323486328125,5
0,30,0.333251953125,6
0,27,0.333740234375,7
0,5,0.334716796875,8
0,31,0.3388671875,9
0,28,0.339111328125,10
0,26,0.342041015625,11
0,7,0.343994140625,12
